-- MySQL dump 10.13  Distrib 8.0.15, for Win64 (x86_64)
--
-- Host: 127.0.0.1    Database: customers
-- ------------------------------------------------------
-- Server version	8.0.15

/*!40101 SET @OLD_CHARACTER_SET_CLIENT=@@CHARACTER_SET_CLIENT */;
/*!40101 SET @OLD_CHARACTER_SET_RESULTS=@@CHARACTER_SET_RESULTS */;
/*!40101 SET @OLD_COLLATION_CONNECTION=@@COLLATION_CONNECTION */;
 SET NAMES utf8 ;
/*!40103 SET @OLD_TIME_ZONE=@@TIME_ZONE */;
/*!40103 SET TIME_ZONE='+00:00' */;
/*!40014 SET @OLD_UNIQUE_CHECKS=@@UNIQUE_CHECKS, UNIQUE_CHECKS=0 */;
/*!40014 SET @OLD_FOREIGN_KEY_CHECKS=@@FOREIGN_KEY_CHECKS, FOREIGN_KEY_CHECKS=0 */;
/*!40101 SET @OLD_SQL_MODE=@@SQL_MODE, SQL_MODE='NO_AUTO_VALUE_ON_ZERO' */;
/*!40111 SET @OLD_SQL_NOTES=@@SQL_NOTES, SQL_NOTES=0 */;

--
-- Table structure for table `city`
--

DROP TABLE IF EXISTS `city`;
/*!40101 SET @saved_cs_client     = @@character_set_client */;
 SET character_set_client = utf8mb4 ;
CREATE TABLE `city` (
  `cityID` int(11) NOT NULL AUTO_INCREMENT,
  `City` varchar(255) DEFAULT NULL,
  PRIMARY KEY (`cityID`)
) ENGINE=InnoDB AUTO_INCREMENT=256 DEFAULT CHARSET=utf8mb4 COLLATE=utf8mb4_0900_ai_ci;
/*!40101 SET character_set_client = @saved_cs_client */;

--
-- Dumping data for table `city`
--

LOCK TABLES `city` WRITE;
/*!40000 ALTER TABLE `city` DISABLE KEYS */;
INSERT INTO `city` VALUES (1,'Acton'),(2,'Alabaster'),(3,'Alexandria'),(4,'Amelia'),(5,'Anaheim'),(6,'Arcadia'),(7,'Arlington Heights'),(8,'Asheville'),(9,'Atlanta'),(10,'Auburn'),(11,'Austin'),(12,'Avalon'),(13,'Baltimore'),(14,'Barnes City'),(15,'Beaumont'),(16,'Bethesda'),(17,'Bethpage'),(18,'Birmingham'),(19,'Blackwell'),(20,'Blandford'),(21,'Bloomsburg'),(22,'Bluffton'),(23,'Bohemia'),(24,'Boston'),(25,'Bridgeville'),(26,'Brisbane'),(27,'Buffalo'),(28,'Burr Ridge'),(29,'California'),(30,'Cambridge'),(31,'Camden'),(32,'Canastota'),(33,'Carmi'),(34,'Centennial'),(35,'Champaign'),(36,'Chantilly'),(37,'Charbaneau'),(38,'Chester'),(39,'Chicago'),(40,'Cincinnati'),(41,'Circleville'),(42,'City Of Commerce'),(43,'Clearfield'),(44,'Cleburne'),(45,'Collingswood'),(46,'Columbus'),(47,'Concord'),(48,'Conway'),(49,'Cordova'),(50,'Dallas'),(51,'Davenport'),(52,'Daytona Beach'),(53,'Deerfield Beach'),(54,'Deming'),(55,'Denver'),(56,'Detroit'),(57,'Dothan'),(58,'East Boston'),(59,'East Greenbush'),(60,'East Lansing'),(61,'East Moline'),(62,'Eau Claire'),(63,'El Monte'),(64,'El Paso'),(65,'Eugene'),(66,'Eureka'),(67,'Evansville'),(68,'Fairbanks'),(69,'Farmingdale'),(70,'Fayetteville'),(71,'Fergus Falls'),(72,'Flagstaff'),(73,'Flint'),(74,'Fort Lauderdale'),(75,'Fort Walton Beach'),(76,'Fort Washington'),(77,'Fredericksburg'),(78,'Fremont'),(79,'Fresno'),(80,'Frisco'),(81,'Gadsden'),(82,'Gardena'),(83,'Glade Creek'),(84,'Golden'),(85,'Goshen'),(86,'Graham'),(87,'Grand Rapids'),(88,'Greensboro'),(89,'Greenup'),(90,'Grenada'),(91,'Hartford'),(92,'Hazelwood'),(93,'Helena'),(94,'Hersman'),(95,'Hicksville'),(96,'Honolulu'),(97,'Houston'),(98,'Huntsville'),(99,'Ideal'),(100,'Independence'),(101,'Indianapolis'),(102,'Irvine'),(103,'Jackman'),(104,'Jackson'),(105,'Jacksonville'),(106,'Johnson City'),(107,'Kansas City'),(108,'Kearny'),(109,'Kenner'),(110,'Kent'),(111,'Kentwood'),(112,'King Of Prussia'),(113,'Knoxville'),(114,'La Grange (Dutchess)'),(115,'Laguna Beach'),(116,'Lawrenceville'),(117,'Lehi'),(118,'Lincoln'),(119,'Linden'),(120,'Lisle'),(121,'London'),(122,'Longview'),(123,'Los Angeles'),(124,'Louisville'),(125,'Lumberton'),(126,'Lynnwood'),(127,'Madison'),(128,'Marshall'),(129,'Maumee'),(130,'Mcallen'),(131,'Mcdermitt'),(132,'Memphis'),(133,'Menomonee Falls'),(134,'Metuchen'),(135,'Miami'),(136,'Milwaukee'),(137,'Mobile'),(138,'Montgomery'),(139,'Mountain View'),(140,'Natchitoches'),(141,'Neola'),(142,'Nevada'),(143,'New Albany'),(144,'New Orleans'),(145,'New York'),(146,'Newark'),(147,'Northridge'),(148,'Norwalk'),(149,'Oakland'),(150,'Oklahoma City'),(151,'Olney'),(152,'Ontario'),(153,'Paducah'),(154,'Panama City'),(155,'Patterson'),(156,'Pell City'),(157,'Penasco'),(158,'Peoria'),(159,'Philadelphia'),(160,'Phoenix'),(161,'Piscataway'),(162,'Pittsburgh'),(163,'Plantation'),(164,'Pleasanton'),(165,'Port St Joe'),(166,'Portage Des Sioux'),(167,'Portland'),(168,'Prairie Hill'),(169,'Providence'),(170,'Raleigh'),(171,'Ratcliff'),(172,'Richmond'),(173,'Rochelle Park'),(174,'Rogers'),(175,'Ruidoso'),(176,'Rutland'),(177,'Saint Cloud'),(178,'Saint Louis'),(179,'Salisbury'),(180,'San Antonio'),(181,'San Diego'),(182,'San Francisco'),(183,'Santa Rosa'),(184,'Savannah'),(185,'Seattle'),(186,'Secaucus'),(187,'Seminole'),(188,'Seymour'),(189,'Sioux City'),(190,'Smithville'),(191,'Sorento'),(192,'South Burlington'),(193,'Southfield'),(194,'St Louis'),(195,'Stamford'),(196,'Stockton'),(197,'Stone Mountain'),(198,'Sumter'),(199,'Sunrise'),(200,'Swansboro'),(201,'Sylmar'),(202,'Syracuse'),(203,'Tacoma'),(204,'Tijeras'),(205,'Toledo'),(206,'Triadelphia'),(207,'Trumbull'),(208,'Tucker'),(209,'Urbandale'),(210,'Utica'),(211,'Vineland'),(212,'Virginia Beach'),(213,'Wallingford'),(214,'Waltham'),(215,'Wampee'),(216,'Warrensville Heights'),(217,'Washburn'),(218,'Washington'),(219,'Waynesburg'),(220,'Wenatchee'),(221,'West Chicago'),(222,'West Palm Beach'),(223,'Wheeling'),(224,'White Plains'),(225,'White Springs'),(226,'Willard'),(227,'Winder'),(228,'Worcester');
/*!40000 ALTER TABLE `city` ENABLE KEYS */;
UNLOCK TABLES;

--
-- Table structure for table `company`
--

DROP TABLE IF EXISTS `company`;
/*!40101 SET @saved_cs_client     = @@character_set_client */;
 SET character_set_client = utf8mb4 ;
CREATE TABLE `company` (
  `companyID` int(11) NOT NULL AUTO_INCREMENT,
  `Company` varchar(255) DEFAULT NULL,
  PRIMARY KEY (`companyID`)
) ENGINE=InnoDB AUTO_INCREMENT=512 DEFAULT CHARSET=utf8mb4 COLLATE=utf8mb4_0900_ai_ci;
/*!40101 SET character_set_client = @saved_cs_client */;

--
-- Dumping data for table `company`
--

LOCK TABLES `company` WRITE;
/*!40000 ALTER TABLE `company` DISABLE KEYS */;
INSERT INTO `company` VALUES (1,'A. L. Price'),(2,'ABC Markets'),(3,'ABCO Foods'),(4,'Access Asia'),(5,'Accord Investments'),(6,'Afforda'),(7,'Afforda Merchant Services'),(8,'Afterthoughts'),(9,'Albers Super Markets'),(10,'All Wound Up'),(11,'Asian Answers'),(12,'Atlas Realty'),(13,'Beefsteak Charlie\'s'),(14,'Belle Ladi'),(15,'Belle Lady'),(16,'Best Products'),(17,'Bettendorf\'s'),(18,'Better Business Ideas and Services'),(19,'Big Daddy\'s Restaurants'),(20,'Bold Ideas'),(21,'Brand Names'),(22,'Bresler\'s Ice Cream'),(23,'Britches of Georgetown'),(24,'Brooks Fashions'),(25,'Buehler Foods'),(26,'Buena Vista Garden Maintenance'),(27,'Cala Foods'),(28,'Cardinal Stores'),(29,'Casa Bonita'),(30,'Casual Corner'),(31,'Cellophane Square'),(32,'Chandler\'s'),(33,'Channel Home Centers'),(34,'Cherry & Webb'),(35,'Chi-Chi\'s'),(36,'Chief Auto Parts'),(37,'Circuit City'),(38,'Circuit Design'),(39,'Clemens Markets'),(40,'Coast to Coast Hardware'),(41,'Coconut\'s'),(42,'Compact Disc Center'),(43,'Computer City'),(44,'Consumers Food and Drug'),(45,'Coon Chicken Inn'),(46,'Crafts & More'),(47,'Crafts Canada'),(48,'Crazy Tiger'),(49,'Creative Wealth Management'),(50,'Crown Books'),(51,'Cut Above'),(52,'De Pinna'),(53,'DGS HomeSource'),(54,'Dreamscape Garden Care'),(55,'Eagle Food Centers'),(56,'Edge Yard Service'),(57,'Electric Avenue'),(58,'Elek-Tek'),(59,'Enrich Garden Services'),(60,'Exact Solutions'),(61,'EXPO Design Center'),(62,'Father & Son'),(63,'Finast'),(64,'Fireball'),(65,'Flexus'),(66,'Food Giant'),(67,'Forum Cafeterias'),(68,'Fragrant Flower Lawn Services'),(69,'Frame Scene'),(70,'Frank and Seder'),(71,'Franklin Simon'),(72,'Friendly Advice'),(73,'Full Color'),(74,'Funtown toys'),(75,'Galaxy Man'),(76,'Gallenkamp'),(77,'Gamma Gas'),(78,'Gamma Grays'),(79,'Gamma Realty'),(80,'Gantos'),(81,'Gas Zone'),(82,'Geri\'s Hamburgers'),(83,'Golden\'s Distributors'),(84,'Good Guys'),(85,'Grade A Investment'),(86,'Great Clothes'),(87,'Greenwich IGA'),(88,'Grossman\'s'),(89,'Handy City'),(90,'Harold Powell'),(91,'Harvest Foods'),(92,'Hechinger'),(93,'Hill-Behan'),(94,'Hills Supermarkets'),(95,'Hit or Miss'),(96,'Hollywood Video'),(97,'Home Centers'),(98,'Honest Air Group'),(99,'Hudson\'s MensWear'),(100,'Huyler\'s'),(101,'Independent Investors'),(102,'Independent Wealth Management'),(103,'Indiewealth'),(104,'Infinite Wealth Planners'),(105,'Integra Investment Plan'),(106,'Irving\'s Sporting Goods'),(107,'J. Brannam'),(108,'Jackpot Consultant'),(109,'Jacob Reed and Sons'),(110,'JumboSports'),(111,'KB Toys'),(112,'KG Menswear'),(113,'King Carol'),(114,'Knockout Kickboxing'),(115,'Komerci'),(116,'Konsili'),(117,'La Petite Boulangerie'),(118,'Lafayette Radio'),(119,'Landskip Yard Care'),(120,'Landskip Yard Service'),(121,'Lechmere'),(122,'Libera'),(123,'Liberty Wealth Planner'),(124,'Life Map Planners'),(125,'Life\'s Gold'),(126,'Listenin\' Booth'),(127,'Macroserve'),(128,'Madcats Music & Books'),(129,'Magik Gray'),(130,'Magik Lamp'),(131,'Magna Consulting'),(132,'Magna Gases'),(133,'Maloley\'s Finer Foods'),(134,'ManCharm'),(135,'Manning\'s Cafeterias'),(136,'Market Basket'),(137,'Martin\'s'),(138,'McDade\'s'),(139,'Megatronic'),(140,'Merry-Go-Round'),(141,'Mervyn\'s'),(142,'Micro Design'),(143,'Mode O\'Day'),(144,'Morrison\'s Cafeteria'),(145,'Mr Fables'),(146,'Mr. D\'s IGA'),(147,'Mr. Steak'),(148,'Music Plus'),(149,'Musicland'),(150,'MVP Sports'),(151,'National Auto Parts'),(152,'Nedick\'s'),(153,'Network Air'),(154,'New World'),(155,'Nickerson Farms'),(156,'Nobil'),(157,'Noodle Kidoodle'),(158,'Oklahoma Tire & Supply Company'),(159,'Ole\'s'),(160,'Olson Electronics'),(161,'Omni Superstore'),(162,'Opti-Tek'),(163,'Opticomp'),(164,'Oranges Records & Tapes'),(165,'Oshman\'s'),(166,'P. Samuels Men\'s Clothiers'),(167,'Paper Cutter'),(168,'Patterson-Fletcher'),(169,'Pay \'N Pak'),(170,'Penn Fruit'),(171,'Personal & Corporate Design'),(172,'Piccolo Mondo'),(173,'Pioneer Chicken'),(174,'Planet Pizza'),(175,'Planet Profit'),(176,'Playworld'),(177,'Pointers'),(178,'Polk Brothers'),(179,'Prestigabiz'),(180,'Price Club'),(181,'PriceRite Warehouse Club'),(182,'Pup \'N\' Taco'),(183,'Purity'),(184,'Purity Supreme'),(185,'Quality Merchant Services'),(186,'Quest Technology Service'),(187,'Quickbiz'),(188,'Rainbow Records'),(189,'Raleigh\'s'),(190,'Ransohoffs'),(191,'Realty Depot'),(192,'Red Food'),(193,'Red Owl'),(194,'Reliable Garden Management'),(195,'Richman Brothers'),(196,'Rite Solution'),(197,'Rivera Property Maintenance'),(198,'Roadhouse Grill'),(199,'Robert Hall'),(200,'Royal Gas'),(201,'Ruehl No. 925'),(202,'Sagebrush'),(203,'Sam Goody'),(204,'Sambo\'s'),(205,'Schucks Auto Supply'),(206,'Schweggmanns'),(207,'Scott Ties'),(208,'Scotty\'s Builders Supply'),(209,'Seamans Furniture'),(210,'Sears Homelife'),(211,'Service Merchandise'),(212,'Sholl\'s Colonial Cafeteria'),(213,'Simply Appraisals'),(214,'Simply Save'),(215,'Skaggs-Alpha Beta'),(216,'Soft Warehouse'),(217,'Solution Answers'),(218,'Solution Bridge'),(219,'Sound Advice'),(220,'Sounds Great Inc'),(221,'Spaceage Stereo'),(222,'Sports Town USA'),(223,'Standard Food'),(224,'Star Assistance'),(225,'Star Interior Design'),(226,'Starship Tapes & Records'),(227,'Strategy Consulting'),(228,'Strong Life'),(229,'Sunny Real Estate Investments'),(230,'Sure Save'),(231,'System Star'),(232,'System Star Solutions'),(233,'Team Designers and Associates'),(234,'Team Uno'),(235,'Tech Hifi'),(236,'Tee Town'),(237,'Terra Nova Garden Services'),(238,'Thalhimers'),(239,'The Lawn Guru'),(240,'The Record Shops at TSS'),(241,'The Royal Canadian Pancake Houses'),(242,'The White Rabbit'),(243,'The White Swan'),(244,'Tons O\' Toys'),(245,'Total Sources'),(246,'Total Yard Maintenance'),(247,'Tower Records'),(248,'Tradewell'),(249,'Tweeter'),(250,'Twin Electronics'),(251,'Universal Design Partners'),(252,'Vari-Tec'),(253,'Vibrant Man'),(254,'Virgin Megastores'),(255,'Waccamaw Pottery'),(256,'Wag\'s'),(257,'Warner Brothers Studio Store'),(258,'Wealthy Ideas'),(259,'Western Auto'),(260,'Wetson\'s'),(261,'Wickes Furniture'),(262,'Williams Bros.'),(263,'Wilson\'s Jewelers'),(264,'World of Fun'),(265,'Yesterday\'s Records'),(266,'You Are Successful'),(267,'Zany Brainy');
/*!40000 ALTER TABLE `company` ENABLE KEYS */;
UNLOCK TABLES;

--
-- Table structure for table `customer`
--

DROP TABLE IF EXISTS `customer`;
/*!40101 SET @saved_cs_client     = @@character_set_client */;
 SET character_set_client = utf8mb4 ;
CREATE TABLE `customer` (
  `Title` text,
  `FirstName` text,
  `LastName` text,
  `StreetAddress` text,
  `ZipCode` text,
  `EmailAddress` text,
  `CustomerId` int(11) NOT NULL AUTO_INCREMENT,
  `CompanyID` int(11) DEFAULT NULL,
  `CityID` int(11) DEFAULT NULL,
  `StateID` int(11) DEFAULT NULL,
  `PositionID` int(11) DEFAULT NULL,
  PRIMARY KEY (`CustomerId`)
) ENGINE=InnoDB AUTO_INCREMENT=301 DEFAULT CHARSET=utf8mb4 COLLATE=utf8mb4_0900_ai_ci;
/*!40101 SET character_set_client = @saved_cs_client */;

--
-- Dumping data for table `customer`
--

LOCK TABLES `customer` WRITE;
/*!40000 ALTER TABLE `customer` DISABLE KEYS */;
INSERT INTO `customer` VALUES ('Mr.','Eugene','Thrush','94 Grant Street','75657','EugeneKThrush@superrito.com',1,139,104,40,166),('Mr.','Leo','Register','923 Murry Street','23464','LeoSRegister@jourrapide.com',2,64,212,42,214),('Ms.','Vanessa','Brown','3958 Paul Wayne Haggerty Road','70065','VanessaWBrown@armyspy.com',3,108,109,18,4),('Ms.','Adele','Dean','3305 Quarry Drive','36303','AdeleJDean@fleckens.hu',4,84,57,2,70),('Ms.','Camille','Gill','416 Delaware Avenue','94103','CamilleRGill@dayrep.com',5,193,182,5,253),('Ms.','Kristina','Simpson','4877 Goldcliff Circle','20005','KristinaWSimpson@gustr.com',6,202,218,8,281),('Mrs.','Krystal','Seymour','2082 Lynn Ogden Lane','77701','KrystalBSeymour@teleworm.us',7,122,15,40,218),('Mrs.','Virginia','Faust','832 Lucy Lane','47711','VirginiaRFaust@superrito.com',8,246,67,15,92),('Mr.','Robert','Dupree','4101 Pickens Way','75601','RobertODupree@einrot.com',9,106,122,40,153),('Mr.','Walter','Mueller','1372 Nixon Avenue','43537','WalterXMueller@armyspy.com',10,69,129,33,157),('Mr.','Don','Vela','4859 Isaacs Creek Road','62339','DonRVela@jourrapide.com',11,25,84,14,191),('Mrs.','Wanda','Collins','566 Hannah Street','28801','WandaMCollins@dayrep.com',12,164,8,27,219),('Mr.','Willie','Matias','4009 Owagner Lane','98101','WillieKMatias@einrot.com',13,148,185,44,54),('Mr.','Peter','Mitchell','2762 Marcus Street','35901','PeterLMitchell@gustr.com',14,151,81,2,224),('Mr.','Dylan','Moffett','1173 Beechwood Avenue','8854','DylanSMoffett@armyspy.com',15,265,161,29,227),('Mr.','Jimmy','Bowen','3394 Cardinal Lane','62086','JimmyPBowen@jourrapide.com',16,61,191,14,22),('Mrs.','Theresa','Suarez','4 Biddie Lane','23002','TheresaRSuarez@einrot.com',17,129,4,42,150),('Mrs.','Melissa','Roy','4458 Joseph Street','53051','MelissaDRoy@einrot.com',18,53,133,45,190),('Mrs.','Lisa','Bartolome','3121 Gnatty Creek Road','11612','LisaEBartolome@teleworm.us',19,240,95,32,123),('Ms.','Debbie','Boynton','3028 Musgrave Street','30310','DebbieLBoynton@superrito.com',20,160,9,11,260),('Ms.','Sally','Hunter','3413 Sheila Lane','89421','SallyWHunter@armyspy.com',21,136,131,31,243),('Ms.','Janet','Petty','3676 Ash Street','75073','JanetTPetty@jourrapide.com',22,50,142,40,85),('Mr.','Darryl','Porter','270 Locust View Drive','94005','DarrylKPorter@fleckens.hu',23,189,26,5,101),('Mrs.','Jody','Garrison','249 Pallet Street','10606','JodyLGarrison@rhyta.com',24,12,224,32,248),('Mrs.','Shannon','Holland','1044 Ingram Road','27403','ShannonRHolland@einrot.com',25,171,88,27,232),('Mr.','Eric','Zebrowski','2000 Crosswind Drive','42003','EricCZebrowski@dayrep.com',26,180,153,17,230),('Mrs.','Roy','Robertson','1329 Oak Lane','65281','RoyTRobertson@gustr.com',27,45,179,24,172),('Mrs.','Aletha','Calloway','4512 Biddie Lane','23228','AlethaRCalloway@rhyta.com',28,14,172,42,15),('Ms.','Esther','Propp','1600 Diamond Cove','2908','EstherRPropp@jourrapide.com',29,37,169,37,12),('Ms.','Linda','Doris','2236 Confederate Drive','13032','LindaHDoris@armyspy.com',30,230,32,32,81),('Ms.','Melanie','Mingle','266 Maxwell Street','6103','MelanieLMingle@einrot.com',31,118,91,7,44),('Ms.','Delores','Laguna','4463 Virgil Street','32401','DeloresELaguna@armyspy.com',32,145,154,10,145),('Mr.','William','White','1566 Armory Road','28358','WilliamFWhite@einrot.com',33,256,125,27,273),('Mrs.','Tonda','Espinoza','1431 Kessla Way','29568','TondaFEspinoza@jourrapide.com',34,116,215,38,87),('Mr.','Nathaniel','Villegas','2279 Ben Street','48823','NathanielTVillegas@rhyta.com',35,106,60,22,96),('Mr.','James','Brice','4883 Woodland Drive','60527','JamesKBrice@dayrep.com',36,100,28,14,41),('Mr.','Henry','Enright','1452 Layman Court','30245','HenryAEnright@fleckens.hu',37,200,116,11,264),('Mr.','Thomas','Shutts','2749 Glen Street','42003','ThomasSShutts@superrito.com',38,201,153,17,25),('Mr.','Richard','Morales','2197 Whiteman Street','8202','RichardJMorales@teleworm.us',39,107,12,29,104),('Mr.','Gary','Thompson','2918 Heavens Way','92714','GarySThompson@armyspy.com',40,238,102,5,197),('Mr.','Rex','Koerner','2596 Cherry Ridge Drive','14202','RexTKoerner@rhyta.com',41,251,27,32,169),('Ms.','Denise','Washington','1562 Alpha Avenue','75670','DeniseGWashington@gustr.com',42,214,128,40,247),('Mrs.','Hattie','Williams','2403 Hanover Street','10007','HattieRWilliams@superrito.com',43,166,145,32,89),('Ms.','Judy','Owens','802 Goldcliff Circle','20017','JudyEOwens@superrito.com',44,29,218,8,167),('Mrs.','Helene','Holst','4606 Sun Valley Road','98801','HeleneMHolst@fleckens.hu',45,150,220,44,238),('Ms.','Jacqueline','Spivey','2373 Flinderation Road','60005','JacquelineBSpivey@rhyta.com',46,91,7,14,83),('Ms.','Kathleen','Brewer','2471 Oakwood Circle','92651','KathleenHBrewer@jourrapide.com',47,59,115,5,58),('Dr.','Joan','Smith','592 Pinewood Drive','60185','JoanRSmith@cuvox.de',48,115,221,14,151),('Mrs.','Marilyn','Davis','4800 Scheuvront Drive','80222','MarilynMDavis@armyspy.com',49,229,55,6,211),('Mrs.','Sara','Lynam','4836 Perine Street','22370','SaraGLynam@gustr.com',50,13,3,42,259),('Ms.','Charlotte','Roman','2342 Clifford Street','95407','CharlotteMRoman@superrito.com',51,130,183,5,59),('Mrs.','Lynn','Adams','4747 Spring Avenue','19108','LynnVAdams@dayrep.com',52,62,159,36,109),('Mr.','Robert','Scott','3321 Heritage Road','93721','RobertIScott@rhyta.com',53,262,79,5,250),('Mr.','Ambrose','Defrancisco','282 Jacobs Street','15212','AmbroseCDefrancisco@dayrep.com',54,211,162,36,154),('Mr.','Martin','Hou','1100 Owen Lane','49503','MartinLHou@teleworm.us',55,89,87,22,244),('Mr.','Benjamin','Carter','2410 Emerson Road','71457','BenjaminMCarter@dayrep.com',56,47,140,18,115),('Mrs.','Jessica','Davis','709 Simpson Street','61244','JessicaDDavis@rhyta.com',57,107,61,14,95),('Ms.','Patricia','Davis','1858 Hickory Lane','20005','PatriciaJDavis@fleckens.hu',58,36,218,8,98),('Mrs.','Katherine','White','500 Colony Street','6611','KatherineEWhite@einrot.com',59,51,207,7,88),('Mr.','Charles','Phair','300 Ashcraft Court','92101','CharlesRPhair@jourrapide.com',60,245,181,5,13),('Mr.','Michael','Bernier','2289 Northwest Boulevard','7032','MichaelRBernier@gustr.com',61,218,108,29,235),('Mr.','Rick','Wetherbee','29 Millbrook Road','60090','RickEWetherbee@superrito.com',62,113,223,14,222),('Mrs.','Cindy','Reyes','331 Clearview Drive','80224','CindyJReyes@rhyta.com',63,141,55,6,9),('Ms.','Karen','Haas','3808 Meadowcrest Lane','41144','KarenGHaas@gustr.com',64,70,89,17,263),('Mr.','James','Chapa','4728 Watson Street','8360','JamesSChapa@armyspy.com',65,21,211,29,173),('Ms.','Emma','Allen','863 Werninger Street','77060','EmmaWAllen@rhyta.com',66,133,97,40,202),('Mrs.','Wanda','Lovejoy','4002 Willis Avenue','32096','WandaMLovejoy@cuvox.de',67,125,225,10,76),('Ms.','Susan','Bradbury','3944 Nelm Street','20011','SusanSBradbury@fleckens.hu',68,228,218,42,206),('Ms.','Kathryn','Brown','2411 Don Jackson Lane','48075','KathrynJBrown@teleworm.us',69,231,193,22,49),('Mrs.','Alberta','Courtney','2364 Mcwhorter Road','39201','AlbertaNCourtney@dayrep.com',70,1,104,25,179),('Dr.','Larry','Fowler','2206 Fieldcrest Road','11716','LarryAFowler@gustr.com',71,77,23,32,144),('Ms.','Alejandrina','Julian','924 Finwood Road','8840','AlejandrinaMJulian@dayrep.com',72,254,134,29,108),('Mr.','Roger','Ellington','765 Union Street','98133','RogerREllington@rhyta.com',73,94,185,44,27),('Mrs.','Anne','Whittle','3179 Felosa Drive','79506','AnneRWhittle@cuvox.de',74,2,19,40,198),('Mrs.','Thelma','Cork','2740 Wildrose Lane','48219','ThelmaSCork@armyspy.com',75,42,56,22,165),('Mr.','Charles','Russell','3459 Byrd Lane','88345','CharlesKRussell@armyspy.com',76,259,175,30,209),('Mr.','Timothy','O\'Brian','1872 Coulter Lane','23226','TimothyCOBrian@teleworm.us',77,131,172,42,262),('Mr.','Greg','Andrews','2946 Sycamore Fork Road','33324','GregJAndrews@armyspy.com',78,174,163,10,32),('Ms.','Sue','Benjamin','157 Tree Top Lane','19406','SueWBenjamin@fleckens.hu',79,95,112,36,20),('Ms.','Marla','Moser','4995 Columbia Boulevard','21202','MarlaDMoser@jourrapide.com',80,188,13,20,26),('Mr.','Richard','Pleasant','2899 Ash Avenue','63146','RichardBPleasant@superrito.com',81,170,178,24,279),('Ms.','Annabelle','Clark','2751 Don Jackson Lane','96826','AnnabelleWClark@einrot.com',82,255,96,12,78),('Mrs.','Lorine','Sterling','2048 Oxford Court','38901','LorineNSterling@rhyta.com',83,110,90,25,61),('Mr.','Scott','Matranga','2377 Bolman Court','62353','ScottLMatranga@dayrep.com',84,208,94,14,188),('Ms.','Betty','Ellison','216 Wetzel Lane','49512','BettyAEllison@rhyta.com',85,112,111,22,270),('Mr.','Shayne','Fair','2354 Doctors Drive','90017','ShayneCFair@jourrapide.com',86,238,123,5,34),('Mr.','Gary','Farnsworth','2326 Round Table Drive','45202','GaryDFarnsworth@teleworm.us',87,189,40,33,37),('Mrs.','Judith','Guerra','224 Ashwood Drive','51101','JudithBGuerra@teleworm.us',88,142,189,13,21),('Mrs.','Millicent','Martin','4697 Farland Street','2141','MillicentWMartin@superrito.com',89,183,30,19,45),('Mrs.','Michael','Campbell','3248 Ralph Drive','44128','MichaelRCampbell@dayrep.com',90,267,216,33,90),('Mr.','Edward','Martin','4474 West Side Avenue','7662','EdwardGMartin@dayrep.com',91,167,173,29,146),('Mr.','James','Andrews','64 Worley Avenue','23227','JamesGAndrews@dayrep.com',92,63,172,42,240),('Mrs.','Phyllis','Gonzalez','3179 Pointe Lane','33304','PhyllisDGonzalez@dayrep.com',93,88,74,10,35),('Dr.','David','Johnson','2154 Farm Meadow Drive','37166','DavidDJohnson@fleckens.hu',94,93,190,39,276),('Mr.','Jason','Mankin','4726 Cecil Street','60605','JasonMMankin@fleckens.hu',95,153,39,14,185),('Ms.','Janie','Barber','2525 Whitman Court','6492','JanieRBarber@gustr.com',96,100,213,7,184),('Ms.','Joanna','Grossman','3652 West Fork Street','59601','JoannaMGrossman@gustr.com',97,52,93,26,245),('Ms.','Samantha','Colvin','258 Brookside Drive','35291','SamanthaFColvin@rhyta.com',98,214,18,2,84),('Mr.','Timothy','Fleenor','1229 Hillcrest Drive','98402','TimothyHFleenor@teleworm.us',99,172,203,44,24),('Mr.','Jeffrey','Reyes','1232 West Fork Drive','33441','JeffreyWReyes@rhyta.com',100,66,53,10,91),('Mrs.','Margie','Carpenter','2078 Court Street','63373','MargieECarpenter@teleworm.us',101,224,166,24,192),('Ms.','Melody','Downer','1754 Farm Meadow Drive','85034','MelodyBDowner@rhyta.com',102,82,160,4,79),('Mr.','Alfred','Harper','2559 Meadow Drive','73107','AlfredKHarper@dayrep.com',103,123,150,34,26),('Ms.','Marie','Wallick','191 Grim Avenue','92101','MarieRWallick@rhyta.com',104,23,181,5,285),('Mrs.','Irene','Petersen','3175 Weekley Street','78202','IreneMPetersen@rhyta.com',105,3,180,40,133),('Mr.','James','Carpenter','519 Better Street','66215','JamesGCarpenter@rhyta.com',106,249,107,16,275),('Mr.','Wayne','Rutledge','1434 Feathers Hooves Drive','11714','WayneDRutledge@einrot.com',107,55,17,32,64),('Mrs.','Sarah','Nakayama','29 Harron Drive','21202','SarahDNakayama@einrot.com',108,48,13,20,135),('Ms.','Johnette','Meadows','2908 Martha Street','85034','JohnetteJMeadows@armyspy.com',109,158,160,4,56),('Ms.','Sharon','Turner','2374 Brownton Road','39201','SharonETurner@rhyta.com',110,165,104,25,200),('Ms.','Fern','Brand','3996 White Lane','31041','FernJBrand@fleckens.hu',111,83,99,11,57),('Ms.','Carola','Bingham','2527 Charles Street','48075','CarolaTBingham@cuvox.de',112,126,193,22,47),('Mr.','Jerome','Ford','1997 Farm Meadow Drive','86004','JeromeNFord@gustr.com',113,24,72,4,225),('Mrs.','Ann','Aragon','4493 Tea Berry Lane','54701','AnnRAragon@jourrapide.com',114,264,62,45,241),('Ms.','Lucy','Carlson','92 Franklee Lane','19034','LucyMCarlson@cuvox.de',115,31,76,36,99),('Mr.','Robert','Tracy','203 Bruce Street','63120','RobertMTracy@superrito.com',116,44,178,24,68),('Mr.','Christopher','Gonzales','2665 Hurry Street','22408','ChristopherJGonzales@cuvox.de',117,68,77,42,83),('Ms.','Marie','Smith','1320 Indiana Avenue','96814','MarieJSmith@gustr.com',118,12,96,12,201),('Ms.','Anneliese','Crawford','4419 Lightning Point Drive','38110','AnnelieseWCrawford@gustr.com',119,155,132,39,80),('Mr.','Micheal','Withers','2751 Hickory Street','84043','MichealJWithers@fleckens.hu',120,17,117,41,234),('Mr.','Jose','Washington','3619 Clearview Drive','80111','JoseJWashington@teleworm.us',121,203,34,6,33),('Dr.','Kelly','Shackelford','4332 Barrington Court','71701','KellyTShackelford@cuvox.de',122,26,31,3,67),('Mr.','Daryl','Robinson','249 Cliffside Drive','13221','DarylKRobinson@cuvox.de',123,5,202,32,25),('Ms.','Jean','Aldridge','2885 Brooke Street','77030','JeanJAldridge@einrot.com',124,38,97,40,143),('Mrs.','Helen','Newton','4096 Davis Avenue','94539','HelenLNewton@fleckens.hu',125,27,78,5,252),('Mr.','James','Trueblood','4434 Farnum Road','10011','JamesCTrueblood@einrot.com',126,257,145,32,137),('Mrs.','Kathryn','Ngo','616 Pearcy Avenue','46714','KathrynHNgo@einrot.com',127,222,22,15,181),('Mrs.','Markita','Popp','1257 Coulter Lane','23224','MarkitaDPopp@armyspy.com',128,117,172,42,215),('Mr.','James','Brown','3507 Marigold Lane','33179','JamesRBrown@jourrapide.com',129,76,135,10,207),('Ms.','Linda','Usrey','1085 Ash Avenue','63146','LindaDUsrey@dayrep.com',130,47,178,24,277),('Mrs.','Jennifer','Kersh','3353 Heavner Avenue','30680','JenniferRKersh@armyspy.com',131,217,227,11,18),('Mr.','Donald','Boger','3902 Cedarstone Drive','44857','DonaldSBoger@teleworm.us',132,168,148,33,223),('Mr.','Armand','McCarty','4054 Yorkie Lane','31410','ArmandSMcCarty@teleworm.us',133,25,184,11,274),('Mr.','Nelson','Flores','997 Ingram Road','27313','NelsonNFlores@einrot.com',134,6,88,27,62),('Mr.','Matthew','Byrne','3678 Ashcraft Court','92103','MatthewJByrne@jourrapide.com',135,41,181,5,183),('Mr.','Harry','Swingle','106 Stewart Street','46256','HarryJSwingle@teleworm.us',136,184,101,15,106),('Mr.','Christopher','Blanton','213 Flanigan Oaks Drive','20014','ChristopherKBlanton@teleworm.us',137,98,16,20,11),('Mrs.','Kathyrn','Sanders','3577 Rinehart Road','33323','KathyrnJSanders@rhyta.com',138,119,199,10,221),('Mrs.','Amber','Johnson','2811 Broadway Avenue','37601','AmberCJohnson@teleworm.us',139,124,106,39,60),('Mr.','Joseph','Stec','3705 Daylene Drive','48548','JosephPStec@superrito.com',140,209,73,22,155),('Mr.','Brandon','Cuyler','4474 Edsel Road','91342','BrandonACuyler@armyspy.com',141,132,201,5,40),('Ms.','Virginia','Wharton','2539 Williams Mine Road','7094','VirginiaGWharton@jourrapide.com',142,72,186,29,246),('Mr.','Adam','Flynn','3535 Bernardo Street','47150','AdamSFlynn@armyspy.com',143,250,143,15,204),('Mr.','Bruce','Anderson','2675 Charles Street','48075','BruceBAnderson@superrito.com',144,138,193,22,196),('Mr.','Charles','Conley','2867 Tori Lane','84633','CharlesVConley@armyspy.com',145,178,85,41,242),('Mr.','Arthur','Marsh','4179 Freedom Lane','95202','ArthurAMarsh@einrot.com',146,86,196,5,43),('Mr.','Thomas','Whitmore','4086 Fleming Street','36117','ThomasAWhitmore@armyspy.com',147,73,138,2,31),('Mr.','Donald','James','2758 White Oak Drive','64055','DonaldLJames@rhyta.com',148,157,100,24,152),('Mr.','Juan','Brooks','2498 Harvest Lane','64455','JuanMBrooks@fleckens.hu',149,225,86,24,3),('Mr.','Jeramy','Blake','3054 Ashwood Drive','51559','JeramyMBlake@dayrep.com',150,242,141,13,134),('Mr.','Richard','Garcia','3501 Berkshire Circle','37917','RichardJGarcia@dayrep.com',151,40,113,39,28),('Ms.','Nancy','Wilson','2156 Maxwell Street','6103','NancyRWilson@rhyta.com',152,77,91,7,120),('Mr.','Zachary','Yoshida','516 Libby Street','90017','ZacharyZYoshida@dayrep.com',153,190,123,5,71),('Mrs.','Crystal','Newbury','2003 High Meadow Lane','17815','CrystalBNewbury@jourrapide.com',154,10,21,36,163),('Mrs.','Leah','Downs','4228 Powder House Road','33417','LeahCDowns@dayrep.com',155,205,222,10,5),('Mr.','Vincent','Rich','3144 Byrd Lane','87008','VincentTRich@rhyta.com',156,71,204,30,1),('Mr.','Heriberto','Chavarria','3574 Harrison Street','94612','HeribertoMChavarria@armyspy.com',157,260,149,5,119),('Mr.','Douglas','Oneil','1028 Green Hill Road','72701','DouglasMOneil@armyspy.com',158,76,70,3,117),('Mr.','Christopher','White','1549 Bloomfield Way','4945','ChristopherCWhite@armyspy.com',159,248,103,21,265),('Mrs.','Marion','Rodriquez','2184 Poplar Avenue','2110','MarionCRodriquez@rhyta.com',160,127,29,5,72),('Ms.','Ella','Peters','118 Oak Lane','65281','EllaRPeters@fleckens.hu',161,182,168,24,75),('Mr.','Roy','Hixon','719 Lonely Oak Drive','36602','RoyCHixon@jourrapide.com',162,146,137,2,46),('Mr.','Michael','Watkins','1415 Olen Thomas Drive','76380','MichaelEWatkins@superrito.com',163,33,188,40,86),('Ms.','Elia','Mickle','3124 Levy Court','1609','EliaGMickle@jourrapide.com',164,266,228,19,124),('Mr.','Tony','Linquist','4779 Birch  Street','79915','TonyRLinquist@gustr.com',165,179,64,40,187),('Ms.','Rosemary','Timmons','4385 Ray Court','28584','RosemaryMTimmons@dayrep.com',166,191,200,27,283),('Mr.','Morris','Gorman','2580 Haul Road','94041','MorrisCGorman@superrito.com',167,43,139,5,284),('Mr.','John','Nguyen','2462 Midway Road','72951','JohnRNguyen@armyspy.com',168,135,171,3,63),('Mr.','Casey','McCardle','3000 Hershell Hollow Road','98032','CaseyLMcCardle@einrot.com',169,212,110,44,112),('Mr.','Michael','Anderson','4261 Sycamore Circle','76031','MichaelHAnderson@dayrep.com',170,175,44,40,114),('Mr.','Jeremy','Lam','4204 Hardesty Street','12061','JeremyDLam@jourrapide.com',171,188,59,32,156),('Mrs.','Emily','Youngblood','761 Tavern Place','25130','EmilyTYoungblood@gustr.com',172,247,127,46,112),('Mr.','Vernon','Duggan','1778 Perine Street','22304','VernonMDuggan@armyspy.com',173,232,3,42,231),('Mr.','Nicholas','Sexton','2503 Waldeck Street','75034','NicholasMSexton@rhyta.com',174,121,80,40,272),('Dr.','Larry','Audet','1296 Brannon Street','90017','LarryCAudet@superrito.com',175,103,123,5,217),('Ms.','Margaret','Dimartino','3074 Eagle Lane','56537','MargaretADimartino@dayrep.com',176,213,71,23,73),('Ms.','Virginia','Funches','2770 Poe Lane','66075','VirginiaEFunches@fleckens.hu',177,239,164,16,266),('Mr.','Vincent','Sites','1701 Lee Avenue','8102','VincentMSites@armyspy.com',178,18,31,29,175),('Mr.','Scott','King','2159 Fraggle Drive','60005','ScottLKing@fleckens.hu',179,109,7,14,53),('Mr.','Randy','Avery','2255 Bicetown Road','10016','RandyJAvery@superrito.com',180,144,145,32,93),('Mr.','Adam','Hulsey','4393 Bird Street','87553','AdamTHulsey@cuvox.de',181,187,157,30,127),('Mr.','Samuel','McBean','1773 Gambler Lane','77060','SamuelJMcBean@jourrapide.com',182,152,97,40,2),('Ms.','Agnes','Edmiston','2342 Blackwell Street','99701','AgnesCEdmiston@fleckens.hu',183,233,68,1,126),('Ms.','Jasmine','Tapscott','57 Trouser Leg Road','1008','JasmineDTapscott@jourrapide.com',184,195,20,19,164),('Mrs.','Rosemary','Epps','365 Boring Lane','94108','RosemaryDEpps@fleckens.hu',185,114,182,5,216),('Mr.','James','Howard','2122 Locust Court','91731','JamesRHoward@rhyta.com',186,194,63,5,257),('Mr.','Barry','Silverman','588 Fleming Way','23831','BarryJSilverman@einrot.com',187,194,38,42,208),('Mr.','Mario','Anton','276 Ottis Street','74854','MarioSAnton@gustr.com',188,8,194,34,23),('Mr.','James','Dorsey','1808 Hillcrest Avenue','2154','JamesLDorsey@cuvox.de',189,120,214,19,180),('Mrs.','Muriel','Deweese','1106 Arbutus Drive','33169','MurielRDeweese@rhyta.com',190,147,135,10,129),('Mrs.','Lisa','Testa','2298 Valley Street','8108','LisaGTesta@superrito.com',191,206,45,29,237),('Mr.','Brandon','Grady','4177 Hillview Street','29150','BrandonFGrady@teleworm.us',192,39,198,38,287),('Ms.','Helen','Bickerstaff','1329 Kelly Street','28034','HelenJBickerstaff@jourrapide.com',193,4,50,27,168),('Mrs.','Sarah','Barber','3357 New Street','97205','SarahRBarber@armyspy.com',194,34,167,35,282),('Mrs.','Patricia','Reichel','4301 Froe Street','26059','PatriciaRReichel@superrito.com',195,96,206,46,7),('Mrs.','Vanessa','Winters','2271 Duff Avenue','5403','VanessaJWinters@gustr.com',196,156,192,43,159),('Mr.','Derek','Rice','1936 Hickory Street','84015','DerekKRice@jourrapide.com',197,19,43,41,122),('Mr.','John','Brent','2257 Zappia Drive','45202','JohnMBrent@superrito.com',198,205,40,17,178),('Ms.','Mary','Butts','3091 Hill Haven Drive','98402','MaryRButts@armyspy.com',199,149,203,44,131),('Mr.','David','Chavez','2581 Lynch Street','53226','DavidSChavez@jourrapide.com',200,87,136,45,148),('Mr.','Mike','Willis','4480 Illinois Avenue','97002','MikeCWillis@rhyta.com',201,56,37,35,69),('Mr.','Robert','Mitchell','2958 Apple Lane','61602','RobertGMitchell@superrito.com',202,250,158,14,141),('Mr.','Bryan','Davidson','885 Doe Meadow Drive','20832','BryanMDavidson@gustr.com',203,196,151,20,271),('Mrs.','Lillian','Coleman','843 Carolina Avenue','80754','LillianWColeman@teleworm.us',204,102,226,6,210),('Ms.','Christina','Schmitt','4521 Southern Avenue','63025','ChristinaSSchmitt@gustr.com',205,11,66,24,105),('Mrs.','Jessica','Teer','4298 Progress Way','56303','JessicaBTeer@dayrep.com',206,16,177,23,226),('Mr.','Chad','Sawyer','1238 Cambridge Court','72756','ChadLSawyer@dayrep.com',207,137,174,3,228),('Ms.','Leslie','Auclair','3284 Westwood Avenue','11735','LeslieTAuclair@rhyta.com',208,49,69,32,251),('Mr.','Kenneth','Carroll','3471 Harper Street','42206','KennethLCarroll@armyspy.com',209,65,10,17,113),('Ms.','Kari','Clark','767 Quiet Valley Lane','91324','KariDClark@teleworm.us',210,67,147,5,136),('Ms.','Celeste','Gridley','3257 Drainer Avenue','32456','CelesteDGridley@cuvox.de',211,75,165,10,110),('Ms.','Marion','Fox','2065 West Side Avenue','7662','MarionDFox@einrot.com',212,99,173,29,195),('Ms.','Priscilla','Silcox','4216 Beech Street','94520','PriscillaRSilcox@armyspy.com',213,7,47,5,48),('Ms.','Patricia','Guerrera','2163 Southern Avenue','50322','PatriciaJGuerrera@gustr.com',214,22,209,13,102),('Ms.','Carole','Mattis','1256 Mahlon Street','7102','CaroleRMattis@armyspy.com',215,32,146,29,162),('Mrs.','Cynthia','Martz','1940 Harron Drive','21201','CynthiaJMartz@cuvox.de',216,51,13,20,170),('Ms.','Ara','Triplett','3107 Pin Oak Drive','52803','AraRTriplett@superrito.com',217,253,51,13,280),('Mrs.','Evelyn','Richard','3126 Woodstock Drive','91006','EvelynWRichard@einrot.com',218,20,6,5,36),('Mrs.','Shirley','Holloway','607 Broad Street','35550','ShirleyAHolloway@rhyta.com',219,221,49,2,232),('Dr.','Kim','Watts','677 Worthington Drive','75244','KimCWatts@teleworm.us',220,252,50,40,186),('Ms.','Bertha','Paxton','275 John Avenue','49201','BerthaHPaxton@fleckens.hu',221,85,104,22,189),('Mrs.','Myrtle','Carr','4183 Meadow View Drive','6902','MyrtleJCarr@dayrep.com',222,261,195,7,19),('Ms.','Ellen','Holmes','2745 Cambridge Court','72756','EllenHHolmes@gustr.com',223,76,174,3,256),('Mrs.','Patricia','Meza','2842 Strother Street','35007','PatriciaBMeza@cuvox.de',224,152,2,2,66),('Mr.','Dennis','Homan','2563 Happy Hollow Road','28540','DennisCHoman@superrito.com',225,104,105,27,199),('Mr.','Dwight','Cockerham','190 Carolina Avenue','78501','DwightJCockerham@rhyta.com',226,200,130,40,123),('Ms.','Elizabeth','Greene','3882 Liberty Avenue','92805','ElizabethTGreene@rhyta.com',227,216,5,5,161),('Mr.','Arthur','Becnel','546 Stockert Hollow Road','98036','ArthurRBecnel@jourrapide.com',228,223,126,44,158),('Mr.','Andrew','Durante','85 Paul Wayne Haggerty Road','70119','AndrewSDurante@gustr.com',229,173,144,18,174),('Mr.','James','Price','2367 Brooklyn Street','97402','JamesLPrice@fleckens.hu',230,118,65,35,65),('Mr.','William','Lemos','2031 Radio Park Drive','31901','WilliamMLemos@teleworm.us',231,263,46,11,286),('Ms.','Teresa','Fuchs','2548 Hardman Road','5701','TeresaAFuchs@cuvox.de',232,192,176,43,258),('Mr.','Johnny','Rickard','253 Angie Drive','90017','JohnnyKRickard@superrito.com',233,35,123,5,249),('Mrs.','Ruth','McGrew','4204 Old Dear Lane','12540','RuthMMcGrew@gustr.com',234,244,114,32,140),('Mrs.','Rose','Slater','4616 Small Street','10038','RoseASlater@gustr.com',235,210,145,32,130),('Dr.','James','Scott','2444 Nancy Street','27616','JamesJScott@cuvox.de',236,177,170,27,94),('Mrs.','Marian','Thornton','601 Broad Street','35125','MarianRThornton@armyspy.com',237,219,156,2,268),('Ms.','Rufina','Oxendine','1686 Franklin Avenue','32114','RufinaJOxendine@superrito.com',238,79,52,10,182),('Ms.','Hillary','Jordan','4391 John Calvin Drive','60605','HillaryAJordan@dayrep.com',239,30,39,14,17),('Ms.','Reina','Perez','158 Golf Course Drive','22021','ReinaHPerez@fleckens.hu',240,158,36,42,220),('Ms.','Paula','Hill','2131 Oakway Lane','92801','PaulaCHill@armyspy.com',241,80,5,5,103),('Mrs.','Elvira','Fennell','4886 Ross Street','62821','ElviraJFennell@teleworm.us',242,44,33,14,236),('Mr.','Chris','Weiss','4252 Coffman Alley','42376','ChrisMWeiss@superrito.com',243,203,210,17,39),('Mrs.','Brittany','Pratt','1285 Langtown Road','43602','BrittanyJPratt@fleckens.hu',244,127,205,33,111),('Mr.','Joseph','Dowdy','869 Abner Road','54891','JosephLDowdy@armyspy.com',245,199,217,45,193),('Mr.','Norman','Maldonado','1456 Pine Street','15017','NormanSMaldonado@einrot.com',246,204,25,36,107),('Mrs.','Patricia','Harper','3188 Hillside Drive','1610','PatriciaSHarper@superrito.com',247,243,228,19,139),('Mr.','Ray','Ackerman','730 Davis Street','31901','RayCAckerman@gustr.com',248,235,46,11,176),('Ms.','Jean','Mix','1042 Eagle Street','63042','JeanCMix@cuvox.de',249,58,92,14,142),('Dr.','Ethel','Schulz','3673 North Avenue','68501','EthelLSchulz@superrito.com',250,78,118,28,74),('Mr.','Douglas','Washington','217 Carolyns Circle','75201','DouglasVWashington@cuvox.de',251,140,50,40,78),('Mrs.','Michele','Baron','2044 Clarence Court','91761','MicheleMBaron@gustr.com',252,224,152,5,269),('Mr.','Preston','Long','2854 Pine Garden Lane','30083','PrestonJLong@rhyta.com',253,169,197,11,112),('Mrs.','Stella','Cruz','1138 Terra Street','98133','StellaRCruz@rhyta.com',254,74,185,44,267),('Ms.','Kathy','Gandy','1444 Ritter Street','35816','KathyRGandy@rhyta.com',255,207,98,2,100),('Ms.','Shirley','Neumann','3617 Columbia Road','19103','ShirleyRNeumann@dayrep.com',256,236,159,9,239),('Mrs.','Alica','Terry','619 Richards Avenue','95363','AlicaWTerry@jourrapide.com',257,237,155,5,138),('Ms.','Deborah','Layton','2993 Dola Mine Road','27609','DeborahJLayton@dayrep.com',258,198,170,27,233),('Mr.','Steven','Willis','4457 Austin Secret Lane','84723','StevenLWillis@teleworm.us',259,5,41,41,255),('Dr.','Frances','Kepler','92 Keyser Ridge Road','27401','FrancesLKepler@gustr.com',260,185,88,27,55),('Mr.','Steven','Elkins','4244 Pringle Drive','60606','StevenDElkins@einrot.com',261,160,39,14,128),('Mr.','Evan','Reed','4617 Ingram Road','28627','EvanWReed@cuvox.de',262,128,83,27,212),('Mr.','David','Owens','3350 Hershell Hollow Road','98109','DavidEOwens@einrot.com',263,226,185,44,118),('Mr.','Douglas','Burgess','851 Davis Place','43604','DouglasABurgess@dayrep.com',264,186,205,33,77),('Ms.','Andrea','Hibbard','2683 Seth Street','76854','AndreaCHibbard@superrito.com',265,200,121,40,194),('Ms.','Donna','Mendoza','2484 Honeysuckle Lane','98101','DonnaLMendoza@dayrep.com',266,97,185,44,203),('Ms.','Florence','Juarez','2453 Armbrester Drive','90247','FlorenceCJuarez@teleworm.us',267,57,82,5,55),('Mr.','Anthony','Boyd','4931 Garrett Street','49503','AnthonyVBoyd@armyspy.com',268,101,87,22,116),('Mrs.','Erlene','Dorman','3880 Willow Greene Drive','36748','ErleneLDorman@rhyta.com',269,220,119,2,171),('Mrs.','Daisy','Paradis','2126 Zimmerman Lane','90071','DaisyMParadis@einrot.com',270,206,123,5,121),('Mr.','Martin','Mabry','2128 Murry Street','23464','MartinCMabry@dayrep.com',271,28,212,42,258),('Mr.','David','Weber','999 Red Maple Drive','90040','DavidHWeber@einrot.com',272,181,42,5,16),('Mrs.','Georgette','Bednarz','1342 C Street','2110','GeorgetteDBednarz@cuvox.de',273,241,24,19,50),('Dr.','David','Moors','1873 Kelly Street','28034','DavidBMoors@gustr.com',274,108,50,27,29),('Mrs.','Robin','Tanner','115 Cedar Lane','2128','RobinETanner@dayrep.com',275,165,58,19,149),('Mrs.','Ruby','Dickinson','4141 Adonais Way','30084','RubyHDickinson@cuvox.de',276,92,208,11,6),('Mrs.','Katie','Jury','4507 Woodside Circle','32548','KatieCJury@dayrep.com',277,81,75,10,254),('Mr.','Ronald','Dix','3151 Geneva Street','10013','RonaldEDix@rhyta.com',278,258,145,32,125),('Mrs.','Joan','Teague','1819 Ottis Street','73102','JoanSTeague@fleckens.hu',279,176,150,34,205),('Mrs.','Kathleen','Jackson','394 Hott Street','74868','KathleenJJackson@jourrapide.com',280,227,187,34,278),('Mr.','Christopher','Unknow','2420 Bubby Drive','78759','ChristopherSUnknow@teleworm.us',281,234,11,40,229),('Mr.','Chase','Joiner','513 Broadcast Drive','20011','ChaseMJoiner@rhyta.com',282,163,218,42,97),('Ms.','Sarah','Goodrow','1298 Patton Lane','27830','SarahAGoodrow@cuvox.de',283,15,78,27,8),('Mrs.','Kimberly','Wiggins','2640 Hog Camp Road','60532','KimberlyWWiggins@einrot.com',284,54,120,14,14),('Ms.','Pamela','Brennan','2390 Spring Street','61820','PamelaRBrennan@fleckens.hu',285,162,35,14,10),('Ms.','Martha','McFadden','1417 Coulter Lane','23222','MarthaDMcFadden@dayrep.com',286,105,172,42,160),('Mr.','Richard','Vargas','4417 Bedford Street','35244','RichardBVargas@fleckens.hu',287,9,18,2,51),('Mrs.','Reva','White','2769 Bird Street','88030','RevaPWhite@gustr.com',288,159,54,30,52),('Mr.','Michael','Gordon','1426 Elliot Avenue','98119','MichaelRGordon@einrot.com',289,4,185,44,38),('Mrs.','Penelope','Cargile','1343 Cerullo Road','40299','PenelopeTCargile@gustr.com',290,143,124,17,42),('Ms.','Rita','Fowlkes','78 Godfrey Road','10018','RitaWFowlkes@jourrapide.com',291,197,145,32,177),('Mr.','Carl','Simmons','3712 Oliver Street','76050','CarlNSimmons@dayrep.com',292,46,1,40,276),('Mr.','Andrew','Lemke','4532 Duff Avenue','5403','AndrewHLemke@armyspy.com',293,60,192,43,246),('Mr.','Edwin','Cammarata','1799 Wiseman Street','37919','EdwinJCammarata@rhyta.com',294,154,113,39,82),('Ms.','Emily','Bridges','473 Mulberry Avenue','72032','EmilyBBridges@cuvox.de',295,69,48,3,261),('Mr.','Bobby','Morgenstern','122 Clearview Drive','80202','BobbyRMorgenstern@jourrapide.com',296,111,55,6,23),('Mr.','Ralph','Doyle','1384 Spruce Drive','15370','RalphMDoyle@gustr.com',297,134,219,36,132),('Mr.','Robert','Burr','3353 Junior Avenue','30309','RobertKBurr@jourrapide.com',298,90,9,11,30),('Mr.','Nicky','Barrett','4978 Park Boulevard','50027','NickyBBarrett@gustr.com',299,215,14,13,147),('Mr.','Brendan','Rodriguez','743 Lang Avenue','82939','BrendanERodriguez@einrot.com',300,161,139,41,213);
/*!40000 ALTER TABLE `customer` ENABLE KEYS */;
UNLOCK TABLES;

--
-- Table structure for table `positions`
--

DROP TABLE IF EXISTS `positions`;
/*!40101 SET @saved_cs_client     = @@character_set_client */;
 SET character_set_client = utf8mb4 ;
CREATE TABLE `positions` (
  `PositionID` int(11) NOT NULL AUTO_INCREMENT,
  `Positions` varchar(255) DEFAULT NULL,
  PRIMARY KEY (`PositionID`)
) ENGINE=InnoDB AUTO_INCREMENT=512 DEFAULT CHARSET=utf8mb4 COLLATE=utf8mb4_0900_ai_ci;
/*!40101 SET character_set_client = @saved_cs_client */;

--
-- Dumping data for table `positions`
--

LOCK TABLES `positions` WRITE;
/*!40000 ALTER TABLE `positions` DISABLE KEYS */;
INSERT INTO `positions` VALUES (1,'A & P mechanic'),(2,'Abdominal sonographer'),(3,'Able seaman'),(4,'Administrative office manager'),(5,'Admissions officer'),(6,'Aircraft electrician'),(7,'Aircraft engineer'),(8,'Airframe mechanic'),(9,'Airline copilots'),(10,'Airport terminal controller'),(11,'Ambulance attendant'),(12,'Appellate court judge'),(13,'Armored car guard'),(14,'Assignment editor'),(15,'Assistant property manager'),(16,'Athletic trainer'),(17,'Author'),(18,'Auto damage appraiser'),(19,'Automated systems librarian'),(20,'Automated teller machine technician'),(21,'Automotive body repairer'),(22,'Ballet master'),(23,'Benefits manager'),(24,'Bindery machine operator'),(25,'Biological-physical anthropologist'),(26,'Botanist'),(27,'Brattice builder'),(28,'Brickmason'),(29,'Broker associate'),(30,'Bulldozer operator'),(31,'Buyer'),(32,'Cabinetmaker'),(33,'Camera repairer'),(34,'Captive agent'),(35,'Cardiac and vascular nurse'),(36,'Cardiographic technician'),(37,'CART provider'),(38,'Case management aide'),(39,'Certified athletic trainer'),(40,'Certified public accountant'),(41,'Checker'),(42,'Chef'),(43,'Chemical engineering technician'),(44,'Chemical equipment tender'),(45,'Chief executive'),(46,'Claims adjuster'),(47,'Cleaner'),(48,'Clerical assistant'),(49,'Climatologist'),(50,'Clinical laboratory technologist'),(51,'CNC operator'),(52,'Coatroom attendant'),(53,'Coil finisher'),(54,'Combined food preparation and serving worker'),(55,'Commission clerk'),(56,'Commodities trader'),(57,'Composing machine operator'),(58,'Computer and information systems manager'),(59,'Computer scientist'),(60,'Conservation scientist'),(61,'Construction engineer'),(62,'Constructor'),(63,'Costume designer'),(64,'Court municipal and license clerk'),(65,'Court officer'),(66,'CPA'),(67,'Crushing grinding and polishing machine operator'),(68,'Crushing grinding and polishing machine tender'),(69,'Curriculum specialist'),(70,'Cutting machine operator'),(71,'Cutting punching and press machine tender'),(72,'Cytotechnologist'),(73,'Dairy farmer'),(74,'Delivery services truck driver'),(75,'Dentist'),(76,'Dermatologist'),(77,'Design printing machine operator'),(78,'Desktop publishing editor'),(79,'Diesel service technician'),(80,'Dipper'),(81,'Dog trainer'),(82,'Door-to-door sales worker'),(83,'Driver-sales worker'),(84,'Drug Enforcement Administration (DEA) agent'),(85,'Electrical power line repairer'),(86,'Electrologist'),(87,'Electronic equipment installer'),(88,'Electronic equipment repairer'),(89,'Electronics repairer'),(90,'Embossing machine operator'),(91,'Employment and placement manager'),(92,'Employment recruiter'),(93,'EMT'),(94,'Environmental technician'),(95,'Excavating and loading machine and dragline operator'),(96,'Executive administrative assistant'),(97,'Extruding and forming machine operator'),(98,'Fabric and apparel patternmaker'),(99,'Fashion designer'),(100,'Fine arts photographer'),(101,'Finisher'),(102,'Floor finisher'),(103,'Floor layer'),(104,'Forensic accountant'),(105,'Forest fire inspector'),(106,'Forming machine operator'),(107,'Furnace installer'),(108,'Gaming dealer'),(109,'Gaming manager'),(110,'Gas and water service dispatcher'),(111,'General manager'),(112,'General superintendent'),(113,'Geologist'),(114,'Geotechnical engineer'),(115,'Golf course architect'),(116,'Greenhouse worker'),(117,'Grocery bagger'),(118,'Groundskeeper'),(119,'Health educator'),(120,'Health services manager'),(121,'Heat treating equipment operator'),(122,'Heavy vehicle and mobile equipment service technician'),(123,'Home appliance repairer'),(124,'Home care aide'),(125,'Horticultural specialty farmer'),(126,'Hospice nurse'),(127,'Housing manager'),(128,'Human resources generalist'),(129,'Human resources information system specialist'),(130,'Human resources trainer'),(131,'Image consultant'),(132,'Immigration and Naturalization Service (INS) agent'),(133,'Independent insurance agent'),(134,'Information and record clerk'),(135,'Information architect'),(136,'Information systems manager'),(137,'Instructional specialist'),(138,'Internal auditor'),(139,'International human resources manager'),(140,'Interviewer'),(141,'Job developer'),(142,'Job placement officer'),(143,'Job training specialist'),(144,'Labor economist'),(145,'Land surveyor'),(146,'Line repairer'),(147,'Liquid waste treatment plant and system operator'),(148,'Loan underwriter'),(149,'Machine offbearer'),(150,'Machine setter'),(151,'Manpower development manager'),(152,'Manufacturers'),(153,'Mapping technician'),(154,'Market research manager'),(155,'Marketing specialist'),(156,'Material moving occupation'),(157,'Measurer'),(158,'Meatcutter'),(159,'Mechanic'),(160,'Media outreach specialist'),(161,'Media specialist'),(162,'Medical secretary'),(163,'Merchandise window trimmer'),(164,'Metal caster'),(165,'Military occupation'),(166,'Milling and planing machine operator'),(167,'Milling and planing machine tender'),(168,'Mineralogist'),(169,'Model'),(170,'Molding coremaking and casting machine tender'),(171,'Mortgage banker'),(172,'Motion picture projectionist'),(173,'Multiple machine tool setter'),(174,'Museum technician'),(175,'Music instructor'),(176,'Musical instrument tuner'),(177,'Neuroscience nurse'),(178,'Nuclear engineer'),(179,'Nuclear technician'),(180,'Office helper'),(181,'Ophthalmologic sonographer'),(182,'Ophthalmologist'),(183,'Optometrist'),(184,'Oral and maxillofacial surgeon'),(185,'Outside order clerk'),(186,'Packager'),(187,'Paleomagnetist'),(188,'Palliative care nurse'),(189,'Paste-up worker'),(190,'Patient educator'),(191,'Patternmaker'),(192,'Paymaster'),(193,'Payroll administrator'),(194,'Payroll assistant'),(195,'Payroll bookkeeper'),(196,'Payroll representative'),(197,'Payroll secretary'),(198,'Perianesthesia nurse'),(199,'Pest control worker'),(200,'Petroleum geologist'),(201,'Photographer'),(202,'Photographic equipment repairer'),(203,'Physical geographer'),(204,'Physical metallurgical engineer'),(205,'Physical therapist'),(206,'Placement officer'),(207,'Plating and coating machine tender'),(208,'Playwright'),(209,'Prepress worker'),(210,'Pretrial services officer'),(211,'Printmaker'),(212,'Production machinist'),(213,'Professional scout'),(214,'Professional sports scout'),(215,'Psychiatric nursing assistant'),(216,'Public relations manager'),(217,'Public relations specialist'),(218,'Publications specialist'),(219,'Purchasing technician'),(220,'Quality assurance inspector'),(221,'Rail yard engineer'),(222,'Range scientist'),(223,'Re-recording mixer'),(224,'Real estate appraiser'),(225,'Recruiter'),(226,'Religious activities and education director'),(227,'Reservation agent'),(228,'Restaurant chef'),(229,'Safety specialist'),(230,'Sauce cook'),(231,'Sawing machine tender'),(232,'Scheduling clerk'),(233,'School librarian'),(234,'School psychologist'),(235,'Security and fire alarm systems installer'),(236,'Semiconductor assembler'),(237,'Service station attendant'),(238,'Sewer'),(239,'Sewer pipe cleaner'),(240,'Sheriff'),(241,'Shoe and leather worker'),(242,'Simultaneous interpreter'),(243,'Social work policy maker'),(244,'Soil conservationist'),(245,'Sous chef'),(246,'Speech writer'),(247,'Sports book runner'),(248,'Staffing and assignments coordinator'),(249,'State police officer'),(250,'Stonemason'),(251,'Strength trainer'),(252,'Structural metal fitter'),(253,'Substance abuse social worker'),(254,'Support staff clerk'),(255,'Surgeon'),(256,'Surgical nurse'),(257,'Surveyor'),(258,'Synoptic meteorologist'),(259,'Taper'),(260,'Telemarketer'),(261,'Television announcer'),(262,'Ticket agent'),(263,'Timber cutting and logging worker'),(264,'Time clerk'),(265,'Timekeeper'),(266,'Tool sharpener'),(267,'Top executive'),(268,'Tour escort'),(269,'Trader'),(270,'Training administrator'),(271,'Training consultant'),(272,'Training manager'),(273,'Training specialist'),(274,'Treatment plant and system operator'),(275,'Tumbling barrel painter'),(276,'Ultrasound technologist'),(277,'Undertaker'),(278,'Uniformed police officer'),(279,'Unlicensed assistive personnel'),(280,'Vegetable cook'),(281,'Vending machine technician'),(282,'Vocational nurse'),(283,'Water conservationist'),(284,'Web programmer'),(285,'Welding worker'),(286,'Winch operator'),(287,'Zoologist');
/*!40000 ALTER TABLE `positions` ENABLE KEYS */;
UNLOCK TABLES;

--
-- Table structure for table `state`
--

DROP TABLE IF EXISTS `state`;
/*!40101 SET @saved_cs_client     = @@character_set_client */;
 SET character_set_client = utf8mb4 ;
CREATE TABLE `state` (
  `StateID` int(11) NOT NULL AUTO_INCREMENT,
  `State` varchar(255) DEFAULT NULL,
  PRIMARY KEY (`StateID`)
) ENGINE=InnoDB AUTO_INCREMENT=64 DEFAULT CHARSET=utf8mb4 COLLATE=utf8mb4_0900_ai_ci;
/*!40101 SET character_set_client = @saved_cs_client */;

--
-- Dumping data for table `state`
--

LOCK TABLES `state` WRITE;
/*!40000 ALTER TABLE `state` DISABLE KEYS */;
INSERT INTO `state` VALUES (1,'AK'),(2,'AL'),(3,'AR'),(4,'AZ'),(5,'CA'),(6,'CO'),(7,'CT'),(8,'DC'),(9,'DE'),(10,'FL'),(11,'GA'),(12,'HI'),(13,'IA'),(14,'IL'),(15,'IN'),(16,'KS'),(17,'KY'),(18,'LA'),(19,'MA'),(20,'MD'),(21,'ME'),(22,'MI'),(23,'MN'),(24,'MO'),(25,'MS'),(26,'MT'),(27,'NC'),(28,'NE'),(29,'NJ'),(30,'NM'),(31,'NV'),(32,'NY'),(33,'OH'),(34,'OK'),(35,'OR'),(36,'PA'),(37,'RI'),(38,'SC'),(39,'TN'),(40,'TX'),(41,'UT'),(42,'VA'),(43,'VT'),(44,'WA'),(45,'WI'),(46,'WV');
/*!40000 ALTER TABLE `state` ENABLE KEYS */;
UNLOCK TABLES;
/*!40103 SET TIME_ZONE=@OLD_TIME_ZONE */;

/*!40101 SET SQL_MODE=@OLD_SQL_MODE */;
/*!40014 SET FOREIGN_KEY_CHECKS=@OLD_FOREIGN_KEY_CHECKS */;
/*!40014 SET UNIQUE_CHECKS=@OLD_UNIQUE_CHECKS */;
/*!40101 SET CHARACTER_SET_CLIENT=@OLD_CHARACTER_SET_CLIENT */;
/*!40101 SET CHARACTER_SET_RESULTS=@OLD_CHARACTER_SET_RESULTS */;
/*!40101 SET COLLATION_CONNECTION=@OLD_COLLATION_CONNECTION */;
/*!40111 SET SQL_NOTES=@OLD_SQL_NOTES */;

-- Dump completed on 2019-03-12 15:44:27
